cell,seed,data_hash,truth_hash,effective_config_hash
null-gaussian,261501,True,True,True
null-gaussian,261502,True,True,True
null-gaussian,261503,True,True,True
null-gaussian,261504,True,True,True
null-gaussian,261505,True,True,True
null-gaussian,261506,True,True,True
null-gaussian,261507,True,True,True
null-gaussian,261508,True,True,True
null-gaussian,261509,True,True,True
null-gaussian,261510,True,True,True
null-gaussian,261511,True,True,True
null-gaussian,261512,True,True,True
null-gaussian,261513,True,True,True
null-gaussian,261514,True,True,True
null-gaussian,261515,True,True,True
null-gaussian,261516,True,True,True
null-gaussian,261517,True,True,True
null-gaussian,261518,True,True,True
null-gaussian,261519,True,True,True
null-gaussian,261520,True,True,True
null-gaussian,261521,True,True,True
null-gaussian,261522,True,True,True
null-gaussian,261523,True,True,True
null-gaussian,261524,True,True,True
null-gaussian,261525,True,True,True
null-gaussian,261526,True,True,True
null-gaussian,261527,True,True,True
null-gaussian,261528,True,True,True
null-gaussian,261529,True,True,True
null-gaussian,261530,True,True,True
null-gaussian,261531,True,True,True
null-gaussian,261532,True,True,True
null-gaussian,261533,True,True,True
null-gaussian,261534,True,True,True
null-gaussian,261535,True,True,True
null-gaussian,261536,True,True,True
null-gaussian,261537,True,True,True
null-gaussian,261538,True,True,True
null-gaussian,261539,True,True,True
null-gaussian,261540,True,True,True
null-gaussian,261541,True,True,True
null-gaussian,261542,True,True,True
null-gaussian,261543,True,True,True
null-gaussian,261544,True,True,True
null-gaussian,261545,True,True,True
null-gaussian,261546,True,True,True
null-gaussian,261547,True,True,True
null-gaussian,261548,True,True,True
null-gaussian,261549,True,True,True
null-gaussian,261550,True,True,True
heavy-tail-gaussian,271501,True,True,True
heavy-tail-gaussian,271502,True,True,True
heavy-tail-gaussian,271503,True,True,True
heavy-tail-gaussian,271504,True,True,True
heavy-tail-gaussian,271505,True,True,True
heavy-tail-gaussian,271506,True,True,True
heavy-tail-gaussian,271507,True,True,True
heavy-tail-gaussian,271508,True,True,True
heavy-tail-gaussian,271509,True,True,True
heavy-tail-gaussian,271510,True,True,True
heavy-tail-gaussian,271511,True,True,True
heavy-tail-gaussian,271512,True,True,True
heavy-tail-gaussian,271513,True,True,True
heavy-tail-gaussian,271514,True,True,True
heavy-tail-gaussian,271515,True,True,True
heavy-tail-gaussian,271516,True,True,True
heavy-tail-gaussian,271517,True,True,True
heavy-tail-gaussian,271518,True,True,True
heavy-tail-gaussian,271519,True,True,True
heavy-tail-gaussian,271520,True,True,True
heavy-tail-gaussian,271521,True,True,True
heavy-tail-gaussian,271522,True,True,True
heavy-tail-gaussian,271523,True,True,True
heavy-tail-gaussian,271524,True,True,True
heavy-tail-gaussian,271525,True,True,True
heavy-tail-gaussian,271526,True,True,True
heavy-tail-gaussian,271527,True,True,True
heavy-tail-gaussian,271528,True,True,True
heavy-tail-gaussian,271529,True,True,True
heavy-tail-gaussian,271530,True,True,True
heavy-tail-gaussian,271531,True,True,True
heavy-tail-gaussian,271532,True,True,True
heavy-tail-gaussian,271533,True,True,True
heavy-tail-gaussian,271534,True,True,True
heavy-tail-gaussian,271535,True,True,True
heavy-tail-gaussian,271536,True,True,True
heavy-tail-gaussian,271537,True,True,True
heavy-tail-gaussian,271538,True,True,True
heavy-tail-gaussian,271539,True,True,True
heavy-tail-gaussian,271540,True,True,True
heavy-tail-gaussian,271541,True,True,True
heavy-tail-gaussian,271542,True,True,True
heavy-tail-gaussian,271543,True,True,True
heavy-tail-gaussian,271544,True,True,True
heavy-tail-gaussian,271545,True,True,True
heavy-tail-gaussian,271546,True,True,True
heavy-tail-gaussian,271547,True,True,True
heavy-tail-gaussian,271548,True,True,True
heavy-tail-gaussian,271549,True,True,True
heavy-tail-gaussian,271550,True,True,True
zero-inflated-poisson,281501,True,True,True
zero-inflated-poisson,281502,True,True,True
zero-inflated-poisson,281503,True,True,True
zero-inflated-poisson,281504,True,True,True
zero-inflated-poisson,281505,True,True,True
zero-inflated-poisson,281506,True,True,True
zero-inflated-poisson,281507,True,True,True
zero-inflated-poisson,281508,True,True,True
zero-inflated-poisson,281509,True,True,True
zero-inflated-poisson,281510,True,True,True
zero-inflated-poisson,281511,True,True,True
zero-inflated-poisson,281512,True,True,True
zero-inflated-poisson,281513,True,True,True
zero-inflated-poisson,281514,True,True,True
zero-inflated-poisson,281515,True,True,True
zero-inflated-poisson,281516,True,True,True
zero-inflated-poisson,281517,True,True,True
zero-inflated-poisson,281518,True,True,True
zero-inflated-poisson,281519,True,True,True
zero-inflated-poisson,281520,True,True,True
zero-inflated-poisson,281521,True,True,True
zero-inflated-poisson,281522,True,True,True
zero-inflated-poisson,281523,True,True,True
zero-inflated-poisson,281524,True,True,True
zero-inflated-poisson,281525,True,True,True
zero-inflated-poisson,281526,True,True,True
zero-inflated-poisson,281527,True,True,True
zero-inflated-poisson,281528,True,True,True
zero-inflated-poisson,281529,True,True,True
zero-inflated-poisson,281530,True,True,True
zero-inflated-poisson,281531,True,True,True
zero-inflated-poisson,281532,True,True,True
zero-inflated-poisson,281533,True,True,True
zero-inflated-poisson,281534,True,True,True
zero-inflated-poisson,281535,True,True,True
zero-inflated-poisson,281536,True,True,True
zero-inflated-poisson,281537,True,True,True
zero-inflated-poisson,281538,True,True,True
zero-inflated-poisson,281539,True,True,True
zero-inflated-poisson,281540,True,True,True
zero-inflated-poisson,281541,True,True,True
zero-inflated-poisson,281542,True,True,True
zero-inflated-poisson,281543,True,True,True
zero-inflated-poisson,281544,True,True,True
zero-inflated-poisson,281545,True,True,True
zero-inflated-poisson,281546,True,True,True
zero-inflated-poisson,281547,True,True,True
zero-inflated-poisson,281548,True,True,True
zero-inflated-poisson,281549,True,True,True
zero-inflated-poisson,281550,True,True,True
dense-gaussian,291501,True,True,True
dense-gaussian,291502,True,True,True
dense-gaussian,291503,True,True,True
dense-gaussian,291504,True,True,True
dense-gaussian,291505,True,True,True
dense-gaussian,291506,True,True,True
dense-gaussian,291507,True,True,True
dense-gaussian,291508,True,True,True
dense-gaussian,291509,True,True,True
dense-gaussian,291510,True,True,True
dense-gaussian,291511,True,True,True
dense-gaussian,291512,True,True,True
dense-gaussian,291513,True,True,True
dense-gaussian,291514,True,True,True
dense-gaussian,291515,True,True,True
dense-gaussian,291516,True,True,True
dense-gaussian,291517,True,True,True
dense-gaussian,291518,True,True,True
dense-gaussian,291519,True,True,True
dense-gaussian,291520,True,True,True
dense-gaussian,291521,True,True,True
dense-gaussian,291522,True,True,True
dense-gaussian,291523,True,True,True
dense-gaussian,291524,True,True,True
dense-gaussian,291525,True,True,True
dense-gaussian,291526,True,True,True
dense-gaussian,291527,True,True,True
dense-gaussian,291528,True,True,True
dense-gaussian,291529,True,True,True
dense-gaussian,291530,True,True,True
dense-gaussian,291531,True,True,True
dense-gaussian,291532,True,True,True
dense-gaussian,291533,True,True,True
dense-gaussian,291534,True,True,True
dense-gaussian,291535,True,True,True
dense-gaussian,291536,True,True,True
dense-gaussian,291537,True,True,True
dense-gaussian,291538,True,True,True
dense-gaussian,291539,True,True,True
dense-gaussian,291540,True,True,True
dense-gaussian,291541,True,True,True
dense-gaussian,291542,True,True,True
dense-gaussian,291543,True,True,True
dense-gaussian,291544,True,True,True
dense-gaussian,291545,True,True,True
dense-gaussian,291546,True,True,True
dense-gaussian,291547,True,True,True
dense-gaussian,291548,True,True,True
dense-gaussian,291549,True,True,True
dense-gaussian,291550,True,True,True
short-segment-gaussian,301501,True,True,True
short-segment-gaussian,301502,True,True,True
short-segment-gaussian,301503,True,True,True
short-segment-gaussian,301504,True,True,True
short-segment-gaussian,301505,True,True,True
short-segment-gaussian,301506,True,True,True
short-segment-gaussian,301507,True,True,True
short-segment-gaussian,301508,True,True,True
short-segment-gaussian,301509,True,True,True
short-segment-gaussian,301510,True,True,True
short-segment-gaussian,301511,True,True,True
short-segment-gaussian,301512,True,True,True
short-segment-gaussian,301513,True,True,True
short-segment-gaussian,301514,True,True,True
short-segment-gaussian,301515,True,True,True
short-segment-gaussian,301516,True,True,True
short-segment-gaussian,301517,True,True,True
short-segment-gaussian,301518,True,True,True
short-segment-gaussian,301519,True,True,True
short-segment-gaussian,301520,True,True,True
short-segment-gaussian,301521,True,True,True
short-segment-gaussian,301522,True,True,True
short-segment-gaussian,301523,True,True,True
short-segment-gaussian,301524,True,True,True
short-segment-gaussian,301525,True,True,True
short-segment-gaussian,301526,True,True,True
short-segment-gaussian,301527,True,True,True
short-segment-gaussian,301528,True,True,True
short-segment-gaussian,301529,True,True,True
short-segment-gaussian,301530,True,True,True
short-segment-gaussian,301531,True,True,True
short-segment-gaussian,301532,True,True,True
short-segment-gaussian,301533,True,True,True
short-segment-gaussian,301534,True,True,True
short-segment-gaussian,301535,True,True,True
short-segment-gaussian,301536,True,True,True
short-segment-gaussian,301537,True,True,True
short-segment-gaussian,301538,True,True,True
short-segment-gaussian,301539,True,True,True
short-segment-gaussian,301540,True,True,True
short-segment-gaussian,301541,True,True,True
short-segment-gaussian,301542,True,True,True
short-segment-gaussian,301543,True,True,True
short-segment-gaussian,301544,True,True,True
short-segment-gaussian,301545,True,True,True
short-segment-gaussian,301546,True,True,True
short-segment-gaussian,301547,True,True,True
short-segment-gaussian,301548,True,True,True
short-segment-gaussian,301549,True,True,True
short-segment-gaussian,301550,True,True,True
prior-conflict-gaussian,311501,True,True,True
prior-conflict-gaussian,311502,True,True,True
prior-conflict-gaussian,311503,True,True,True
prior-conflict-gaussian,311504,True,True,True
prior-conflict-gaussian,311505,True,True,True
prior-conflict-gaussian,311506,True,True,True
prior-conflict-gaussian,311507,True,True,True
prior-conflict-gaussian,311508,True,True,True
prior-conflict-gaussian,311509,True,True,True
prior-conflict-gaussian,311510,True,True,True
prior-conflict-gaussian,311511,True,True,True
prior-conflict-gaussian,311512,True,True,True
prior-conflict-gaussian,311513,True,True,True
prior-conflict-gaussian,311514,True,True,True
prior-conflict-gaussian,311515,True,True,True
prior-conflict-gaussian,311516,True,True,True
prior-conflict-gaussian,311517,True,True,True
prior-conflict-gaussian,311518,True,True,True
prior-conflict-gaussian,311519,True,True,True
prior-conflict-gaussian,311520,True,True,True
prior-conflict-gaussian,311521,True,True,True
prior-conflict-gaussian,311522,True,True,True
prior-conflict-gaussian,311523,True,True,True
prior-conflict-gaussian,311524,True,True,True
prior-conflict-gaussian,311525,True,True,True
prior-conflict-gaussian,311526,True,True,True
prior-conflict-gaussian,311527,True,True,True
prior-conflict-gaussian,311528,True,True,True
prior-conflict-gaussian,311529,True,True,True
prior-conflict-gaussian,311530,True,True,True
prior-conflict-gaussian,311531,True,True,True
prior-conflict-gaussian,311532,True,True,True
prior-conflict-gaussian,311533,True,True,True
prior-conflict-gaussian,311534,True,True,True
prior-conflict-gaussian,311535,True,True,True
prior-conflict-gaussian,311536,True,True,True
prior-conflict-gaussian,311537,True,True,True
prior-conflict-gaussian,311538,True,True,True
prior-conflict-gaussian,311539,True,True,True
prior-conflict-gaussian,311540,True,True,True
prior-conflict-gaussian,311541,True,True,True
prior-conflict-gaussian,311542,True,True,True
prior-conflict-gaussian,311543,True,True,True
prior-conflict-gaussian,311544,True,True,True
prior-conflict-gaussian,311545,True,True,True
prior-conflict-gaussian,311546,True,True,True
prior-conflict-gaussian,311547,True,True,True
prior-conflict-gaussian,311548,True,True,True
prior-conflict-gaussian,311549,True,True,True
prior-conflict-gaussian,311550,True,True,True
shared-boundary-heterogeneity,321501,True,True,True
shared-boundary-heterogeneity,321502,True,True,True
shared-boundary-heterogeneity,321503,True,True,True
shared-boundary-heterogeneity,321504,True,True,True
shared-boundary-heterogeneity,321505,True,True,True
shared-boundary-heterogeneity,321506,True,True,True
shared-boundary-heterogeneity,321507,True,True,True
shared-boundary-heterogeneity,321508,True,True,True
shared-boundary-heterogeneity,321509,True,True,True
shared-boundary-heterogeneity,321510,True,True,True
shared-boundary-heterogeneity,321511,True,True,True
shared-boundary-heterogeneity,321512,True,True,True
shared-boundary-heterogeneity,321513,True,True,True
shared-boundary-heterogeneity,321514,True,True,True
shared-boundary-heterogeneity,321515,True,True,True
shared-boundary-heterogeneity,321516,True,True,True
shared-boundary-heterogeneity,321517,True,True,True
shared-boundary-heterogeneity,321518,True,True,True
shared-boundary-heterogeneity,321519,True,True,True
shared-boundary-heterogeneity,321520,True,True,True
shared-boundary-heterogeneity,321521,True,True,True
shared-boundary-heterogeneity,321522,True,True,True
shared-boundary-heterogeneity,321523,True,True,True
shared-boundary-heterogeneity,321524,True,True,True
shared-boundary-heterogeneity,321525,True,True,True
shared-boundary-heterogeneity,321526,True,True,True
shared-boundary-heterogeneity,321527,True,True,True
shared-boundary-heterogeneity,321528,True,True,True
shared-boundary-heterogeneity,321529,True,True,True
shared-boundary-heterogeneity,321530,True,True,True
shared-boundary-heterogeneity,321531,True,True,True
shared-boundary-heterogeneity,321532,True,True,True
shared-boundary-heterogeneity,321533,True,True,True
shared-boundary-heterogeneity,321534,True,True,True
shared-boundary-heterogeneity,321535,True,True,True
shared-boundary-heterogeneity,321536,True,True,True
shared-boundary-heterogeneity,321537,True,True,True
shared-boundary-heterogeneity,321538,True,True,True
shared-boundary-heterogeneity,321539,True,True,True
shared-boundary-heterogeneity,321540,True,True,True
shared-boundary-heterogeneity,321541,True,True,True
shared-boundary-heterogeneity,321542,True,True,True
shared-boundary-heterogeneity,321543,True,True,True
shared-boundary-heterogeneity,321544,True,True,True
shared-boundary-heterogeneity,321545,True,True,True
shared-boundary-heterogeneity,321546,True,True,True
shared-boundary-heterogeneity,321547,True,True,True
shared-boundary-heterogeneity,321548,True,True,True
shared-boundary-heterogeneity,321549,True,True,True
shared-boundary-heterogeneity,321550,True,True,True
logistic-approximation-failure,331501,True,True,True
logistic-approximation-failure,331502,True,True,True
logistic-approximation-failure,331503,True,True,True
logistic-approximation-failure,331504,True,True,True
logistic-approximation-failure,331505,True,True,True
logistic-approximation-failure,331506,True,True,True
logistic-approximation-failure,331507,True,True,True
logistic-approximation-failure,331508,True,True,True
logistic-approximation-failure,331509,True,True,True
logistic-approximation-failure,331510,True,True,True
logistic-approximation-failure,331511,True,True,True
logistic-approximation-failure,331512,True,True,True
logistic-approximation-failure,331513,True,True,True
logistic-approximation-failure,331514,True,True,True
logistic-approximation-failure,331515,True,True,True
logistic-approximation-failure,331516,True,True,True
logistic-approximation-failure,331517,True,True,True
logistic-approximation-failure,331518,True,True,True
logistic-approximation-failure,331519,True,True,True
logistic-approximation-failure,331520,True,True,True
logistic-approximation-failure,331521,True,True,True
logistic-approximation-failure,331522,True,True,True
logistic-approximation-failure,331523,True,True,True
logistic-approximation-failure,331524,True,True,True
logistic-approximation-failure,331525,True,True,True
logistic-approximation-failure,331526,True,True,True
logistic-approximation-failure,331527,True,True,True
logistic-approximation-failure,331528,True,True,True
logistic-approximation-failure,331529,True,True,True
logistic-approximation-failure,331530,True,True,True
logistic-approximation-failure,331531,True,True,True
logistic-approximation-failure,331532,True,True,True
logistic-approximation-failure,331533,True,True,True
logistic-approximation-failure,331534,True,True,True
logistic-approximation-failure,331535,True,True,True
logistic-approximation-failure,331536,True,True,True
logistic-approximation-failure,331537,True,True,True
logistic-approximation-failure,331538,True,True,True
logistic-approximation-failure,331539,True,True,True
logistic-approximation-failure,331540,True,True,True
logistic-approximation-failure,331541,True,True,True
logistic-approximation-failure,331542,True,True,True
logistic-approximation-failure,331543,True,True,True
logistic-approximation-failure,331544,True,True,True
logistic-approximation-failure,331545,True,True,True
logistic-approximation-failure,331546,True,True,True
logistic-approximation-failure,331547,True,True,True
logistic-approximation-failure,331548,True,True,True
logistic-approximation-failure,331549,True,True,True
logistic-approximation-failure,331550,True,True,True
