seed,method,status,wall_seconds,fit_wall_seconds,max_block_error,empirical_tv,truth_f1,map_jaccard
331501,quadrature-40,executed,0.0748948339605704,,4.027387038980606,0.019028721481488958,0.6666666666666666,1.0
331501,laplace,executed,0.031216208008117974,,6.920496268683628,0.035355675806527515,0.6666666666666666,1.0
331501,ep,timed-out,21.03639220900368,20.005660374998115,,,,
331502,quadrature-40,executed,0.08288516598986462,,4.0273870389806135,0.018945303394502427,1.0,1.0
331502,laplace,executed,0.029639832966495305,,6.920496268683621,0.04193233417788962,1.0,1.0
331502,ep,timed-out,21.050618749985006,20.00514533399837,,,,
331503,quadrature-40,executed,0.07061866600997746,,4.2179595645866215,0.0009071818248452407,1.0,1.0
331503,laplace,executed,0.02833083301084116,,7.4507191480984005,0.037056133565134,1.0,1.0
331503,ep,timed-out,20.971418375032954,20.005573208036367,,,,
331504,quadrature-40,executed,0.07862266700249165,,4.2179595645866215,0.0009071818248452407,1.0,1.0
331504,laplace,executed,0.033532500034198165,,7.4507191480984005,0.037056133565134,1.0,1.0
331504,ep,timed-out,20.997657958010677,20.005529874993954,,,,
331505,quadrature-40,executed,0.0721766659989953,,3.6266393097304572,0.004993021032494133,0.6666666666666666,1.0
331505,laplace,executed,0.029354792030062526,,5.230392489959122,0.023997834204091607,0.6666666666666666,1.0
331505,ep,timed-out,20.979688166000415,20.005957041983493,,,,
331506,quadrature-40,executed,0.08054699999047443,,4.2179595645866215,0.004747927825080697,0.6666666666666666,1.0
331506,laplace,executed,0.03175720904255286,,7.450719148098408,0.03181056614804384,0.6666666666666666,1.0
331506,ep,timed-out,20.994681750016753,20.00603437499376,,,,
331507,quadrature-40,executed,0.07960670802276582,,3.411889938824814,0.007133913756129845,0.6666666666666666,1.0
331507,laplace,executed,0.029070874967146665,,4.43521087073524,0.020361043083612668,0.6666666666666666,1.0
331507,ep,timed-out,20.989626125025097,20.00627979199635,,,,
331508,quadrature-40,executed,0.07364612497622147,,4.027387038980606,0.019028721481488958,0.6666666666666666,1.0
331508,laplace,executed,0.028879166988190264,,6.920496268683628,0.035355675806527515,0.6666666666666666,1.0
331508,ep,timed-out,20.94438274996355,20.0061322079855,,,,
331509,quadrature-40,executed,0.08050912502221763,,4.2179595645866215,0.01643392203379876,1.0,0.5
331509,laplace,executed,0.028211167023982853,,7.450719148098408,0.03311578703619422,1.0,0.5
331509,ep,timed-out,20.94602220802335,20.005954749998637,,,,
331510,quadrature-40,executed,0.06932904198765755,,4.2179595645866215,0.0009071818248452407,1.0,1.0
331510,laplace,executed,0.027365250047296286,,7.4507191480984005,0.037056133565134,1.0,1.0
331510,ep,timed-out,20.96884945902275,20.005015500006266,,,,
331511,quadrature-40,executed,0.06994345801649615,,4.2179595645866215,0.0009071818248452407,1.0,1.0
331511,laplace,executed,0.027346708986442536,,7.4507191480984005,0.037056133565134,1.0,1.0
331511,ep,timed-out,20.931433166959323,20.004647207970265,,,,
331512,quadrature-40,executed,0.07276737497886643,,4.027387038980592,0.017651985374629087,1.0,1.0
331512,laplace,executed,0.02923362498404458,,6.920496268683628,0.020810615656897135,1.0,1.0
331512,ep,timed-out,20.734261041972786,20.004602333996445,,,,
331513,quadrature-40,executed,0.07479437498841435,,3.626639309730429,0.0008267238050577719,1.0,1.0
331513,laplace,executed,0.028706541983410716,,5.230392489959115,0.022223812886752167,1.0,1.0
331513,ep,timed-out,20.94742658303585,20.006338290986605,,,,
331514,quadrature-40,executed,0.07777233299566433,,3.626639309730429,0.024195868961333675,1.0,1.0
331514,laplace,executed,0.028449707955587655,,5.230392489959115,0.030922782824838596,1.0,1.0
331514,ep,timed-out,20.92458454100415,20.004774250031915,,,,
331515,quadrature-40,executed,0.07313066598726436,,4.2179595645866215,0.0009071818248452407,1.0,1.0
331515,laplace,executed,0.030642250028904527,,7.4507191480984005,0.037056133565134,1.0,1.0
331515,ep,timed-out,20.863612874993123,20.004565250012092,,,,
331516,quadrature-40,executed,0.07040520902955905,,4.027387038980606,0.0022422755642730607,1.0,1.0
331516,laplace,executed,0.027855583000928164,,6.920496268683628,0.02123521321139705,1.0,1.0
331516,ep,timed-out,20.92514691699762,20.00629770901287,,,,
331517,quadrature-40,executed,0.07061300001805648,,4.0273870389806135,0.020616193608701927,0.6666666666666666,1.0
331517,laplace,executed,0.02785395795945078,,6.920496268683621,0.03649530178477514,1.0,0.5
331517,ep,timed-out,20.91365629096981,20.005750707990956,,,,
331518,quadrature-40,executed,0.07618170900968835,,4.217959564586636,0.02403358906311462,0.6666666666666666,1.0
331518,laplace,executed,0.029701083025429398,,7.450719148098393,0.03001519571657016,0.6666666666666666,1.0
331518,ep,timed-out,20.945511333004106,20.006968041998334,,,,
331519,quadrature-40,executed,0.07096687500597909,,4.0273870389806135,0.019100209279563934,1.0,1.0
331519,laplace,executed,0.027522000018507242,,6.920496268683621,0.04179746353034586,1.0,1.0
331519,ep,timed-out,21.00030679203337,20.0055723330006,,,,
331520,quadrature-40,executed,0.07306337502086535,,3.6266393097304572,0.014470914659336684,0.5,1.0
331520,laplace,executed,0.027773499954491854,,5.230392489959122,0.02614125644613377,0.5,1.0
331520,ep,timed-out,21.033177791978233,20.006022416986525,,,,
331521,quadrature-40,executed,0.07217966602183878,,4.2179595645866215,0.02552986146859032,0.6666666666666666,1.0
331521,laplace,executed,0.028172291989903897,,7.450719148098408,0.03216814437104712,0.6666666666666666,1.0
331521,ep,timed-out,20.990522834006697,20.00715191703057,,,,
331522,quadrature-40,executed,0.07448962499620393,,3.411889938824814,0.010002538416937184,0.5,1.0
331522,laplace,executed,0.02978683396941051,,4.43521087073524,0.020275517900215922,0.5,1.0
331522,ep,timed-out,20.960293042007834,20.006166249979287,,,,
331523,quadrature-40,executed,0.07150508399354294,,4.027387038980592,0.02159469611356593,1.0,1.0
331523,laplace,executed,0.029659958032425493,,6.920496268683628,0.03783424498259866,1.0,1.0
331523,ep,timed-out,20.924880833015777,20.0062073750305,,,,
331524,quadrature-40,executed,0.07158483297098428,,4.217959564586636,0.019324116607960046,0.6666666666666666,1.0
331524,laplace,executed,0.028661707998253405,,7.450719148098393,0.032841201091495575,0.6666666666666666,1.0
331524,ep,timed-out,20.92153741704533,20.00470295897685,,,,
331525,quadrature-40,executed,0.07127258402761072,,4.2179595645866215,0.0009071818248452407,1.0,1.0
331525,laplace,executed,0.028574583993759006,,7.4507191480984005,0.037056133565134,1.0,1.0
331525,ep,timed-out,20.90571733296383,20.00574020802742,,,,
331526,quadrature-40,executed,0.0721942080417648,,4.217959564586636,0.028072033795497636,1.0,0.5
331526,laplace,executed,0.028267625020816922,,7.450719148098393,0.03580570191578586,1.0,0.5
331526,ep,timed-out,21.066081375000067,20.004716792027466,,,,
331527,quadrature-40,executed,0.07168500003172085,,4.2179595645866215,0.05428541311044663,0.5,0.3333333333333333
331527,laplace,executed,0.0278750829747878,,7.450719148098393,0.01004603929894239,0.6666666666666666,0.5
331527,ep,timed-out,20.716001499968115,20.00755537499208,,,,
331528,quadrature-40,executed,0.07367354101734236,,1.9603763087450332,0.040723392546780576,0.6666666666666666,1.0
331528,laplace,executed,0.028827665955759585,,0.3632891616608944,0.040986172614824776,0.6666666666666666,0.3333333333333333
331528,ep,timed-out,20.9519651249866,20.004122791986447,,,,
331529,quadrature-40,executed,0.07241412502480671,,4.027387038980592,0.0008336882799253459,1.0,1.0
331529,laplace,executed,0.0287834579939954,,6.920496268683628,0.036865584011291516,1.0,1.0
331529,ep,timed-out,20.930256791994907,20.004790667037014,,,,
331530,quadrature-40,executed,0.07202312501613051,,4.2179595645866215,0.0009071818248452407,1.0,1.0
331530,laplace,executed,0.029456584015861154,,7.4507191480984005,0.037056133565134,1.0,1.0
331530,ep,timed-out,20.93142162496224,20.00435495900456,,,,
331531,quadrature-40,executed,0.0713548330240883,,3.6266393097304572,0.0056678508714549675,1.0,1.0
331531,laplace,executed,0.029084583977237344,,5.230392489959115,0.011096082675020111,1.0,1.0
331531,ep,timed-out,20.910960874985904,20.004367624991573,,,,
331532,quadrature-40,executed,0.0731242920155637,,2.690939893280145,0.018644122017997256,1.0,1.0
331532,laplace,executed,0.028449082979932427,,2.002017532475513,0.006915625111672969,1.0,1.0
331532,ep,timed-out,20.727824834000785,20.0049849160132,,,,
331533,quadrature-40,executed,0.0748727080062963,,4.027387038980592,0.020875326422871904,1.0,1.0
331533,laplace,executed,0.028925375023391098,,6.920496268683628,0.03983080249386814,1.0,1.0
331533,ep,timed-out,20.93544104200555,20.00520850002067,,,,
331534,quadrature-40,executed,0.072507124976255,,4.027387038980606,0.01793803228556165,0.6666666666666666,1.0
331534,laplace,executed,0.029264416021760553,,6.920496268683628,0.0338688881167048,0.6666666666666666,1.0
331534,ep,timed-out,20.937531375035178,20.00448858400341,,,,
331535,quadrature-40,executed,0.07079091697232798,,3.6266393097304572,0.03277770932697727,1.0,1.0
331535,laplace,executed,0.029574000043794513,,5.230392489959122,0.027323764453946298,1.0,1.0
331535,ep,timed-out,20.720440291974228,20.00513258302817,,,,
331536,quadrature-40,executed,0.07395854196511209,,4.2179595645866215,0.0009071818248452407,1.0,1.0
331536,laplace,executed,0.0295668329927139,,7.4507191480984005,0.037056133565134,1.0,1.0
331536,ep,timed-out,20.90632262500003,20.006704583007377,,,,
331537,quadrature-40,executed,0.0739497080212459,,3.175650374990596,0.027610736771946365,1.0,1.0
331537,laplace,executed,0.02878754201810807,,3.4933653260984343,0.008449675712776133,1.0,1.0
331537,ep,timed-out,20.94779591599945,20.005524999985937,,,,
331538,quadrature-40,executed,0.07376962504349649,,4.2179595645866215,0.0009071818248452407,1.0,1.0
331538,laplace,executed,0.028668084007222205,,7.4507191480984005,0.037056133565134,1.0,1.0
331538,ep,timed-out,20.929381750000175,20.005702124966774,,,,
331539,quadrature-40,executed,0.07326199999079108,,3.6266393097304572,0.023031849048433917,1.0,1.0
331539,laplace,executed,0.02828491700347513,,5.230392489959122,0.030515640254798942,1.0,1.0
331539,ep,timed-out,20.929837749979924,20.006890124990605,,,,
331540,quadrature-40,executed,0.07356229197466746,,4.027387038980592,0.019348591921182545,1.0,1.0
331540,laplace,executed,0.02878437499748543,,6.920496268683621,0.041577025659898084,1.0,1.0
331540,ep,timed-out,20.738968749996275,20.00596962502459,,,,
331541,quadrature-40,executed,0.07327595900278538,,4.217959564586636,0.024475266729182654,0.6666666666666666,1.0
331541,laplace,executed,0.02944308298174292,,7.450719148098393,0.031015186399959482,0.6666666666666666,1.0
331541,ep,timed-out,20.926300833991263,20.005731875018682,,,,
331542,quadrature-40,executed,0.07211241702316329,,4.2179595645866215,0.0009071818248452407,1.0,1.0
331542,laplace,executed,0.028318666969425976,,7.4507191480984005,0.037056133565134,1.0,1.0
331542,ep,timed-out,20.920945291989483,20.005548875022214,,,,
331543,quadrature-40,executed,0.07182895799633116,,3.6266393097304572,0.021783950630541657,1.0,1.0
331543,laplace,executed,0.02833537495462224,,5.230392489959122,0.03213343146046212,1.0,1.0
331543,ep,timed-out,20.914810709015,20.005520540988073,,,,
331544,quadrature-40,executed,0.0716016250080429,,4.0273870389806135,0.02148678792007469,1.0,1.0
331544,laplace,executed,0.028907582978717983,,6.920496268683621,0.038524387197025334,1.0,1.0
331544,ep,timed-out,20.918959915987216,20.004800457973033,,,,
331545,quadrature-40,executed,0.07149050000589341,,4.0273870389806135,0.020059527618096318,1.0,1.0
331545,laplace,executed,0.028783500019926578,,6.920496268683621,0.040966799704479306,1.0,1.0
331545,ep,timed-out,20.925797624979168,20.005214790988248,,,,
331546,quadrature-40,executed,0.07360933400923386,,4.027387038980606,0.01836388157185012,0.6666666666666666,1.0
331546,laplace,executed,0.029211957997176796,,6.920496268683628,0.03465805292668803,0.6666666666666666,1.0
331546,ep,timed-out,20.73732029204257,20.006674374977592,,,,
331547,quadrature-40,executed,0.07009895902592689,,4.217959564586636,0.026998131612118836,1.0,0.5
331547,laplace,executed,0.02802358299959451,,7.450719148098393,0.03328357520490707,1.0,0.5
331547,ep,timed-out,20.924575791985262,20.00397212500684,,,,
331548,quadrature-40,executed,0.07285862497519702,,4.027387038980592,0.021486569525477978,1.0,1.0
331548,laplace,executed,0.027737083029933274,,6.920496268683628,0.03871597393411777,1.0,1.0
331548,ep,timed-out,20.816370084008668,20.005467290990055,,,,
331549,quadrature-40,executed,0.07126175001030788,,4.217959564586636,0.01613199031998444,0.6666666666666666,1.0
331549,laplace,executed,0.02925012505147606,,7.450719148098393,0.01581046354034627,0.6666666666666666,1.0
331549,ep,timed-out,20.909506666997913,20.006548125005793,,,,
331550,quadrature-40,executed,0.07390504103386775,,3.9167958983482976,0.017304015116853394,0.6666666666666666,1.0
331550,laplace,executed,0.02960904099745676,,6.389731763470046,0.03571327121193496,0.6666666666666666,1.0
331550,ep,timed-out,20.916720791021362,20.00648987502791,,,,
