cell,seed,status,wall_seconds
null-gaussian,261501,executed,0.05786529096076265
null-gaussian,261502,executed,0.058517874975223094
null-gaussian,261503,executed,0.05213349999394268
null-gaussian,261504,executed,0.059333415993023664
null-gaussian,261505,executed,0.062424625037238
null-gaussian,261506,executed,0.05584683397319168
null-gaussian,261507,executed,0.05812800000421703
null-gaussian,261508,executed,0.06304266699589789
null-gaussian,261509,executed,0.05717049998929724
null-gaussian,261510,executed,0.059419750003144145
null-gaussian,261511,executed,0.05847845796961337
null-gaussian,261512,executed,0.05821595899760723
null-gaussian,261513,executed,0.056358665984589607
null-gaussian,261514,executed,0.057352792005985975
null-gaussian,261515,executed,0.06271883397130296
null-gaussian,261516,executed,0.057545167044736445
null-gaussian,261517,executed,0.05304745800094679
null-gaussian,261518,executed,0.052721708023454994
null-gaussian,261519,executed,0.0621122500160709
null-gaussian,261520,executed,0.05956337496172637
null-gaussian,261521,executed,0.06315279100090265
null-gaussian,261522,executed,0.05746204196475446
null-gaussian,261523,executed,0.05488104099640623
null-gaussian,261524,executed,0.05605737504083663
null-gaussian,261525,executed,0.05352045898325741
null-gaussian,261526,executed,0.05205570801626891
null-gaussian,261527,executed,0.056185249995905906
null-gaussian,261528,executed,0.0647444169735536
null-gaussian,261529,executed,0.05298700003186241
null-gaussian,261530,executed,0.05888425000011921
null-gaussian,261531,executed,0.05618833296466619
null-gaussian,261532,executed,0.06213387497700751
null-gaussian,261533,executed,0.06585654098307714
null-gaussian,261534,executed,0.06442637502914295
null-gaussian,261535,executed,0.057519374997355044
null-gaussian,261536,executed,0.066511667042505
null-gaussian,261537,executed,0.06659733300330117
null-gaussian,261538,executed,0.06543458299711347
null-gaussian,261539,executed,0.06312075001187623
null-gaussian,261540,executed,0.0658384999842383
null-gaussian,261541,executed,0.07153191696852446
null-gaussian,261542,executed,0.0655274169985205
null-gaussian,261543,executed,0.05790945899207145
null-gaussian,261544,executed,0.058790957962628454
null-gaussian,261545,executed,0.05862112500471994
null-gaussian,261546,executed,0.0532704169745557
null-gaussian,261547,executed,0.05252991698216647
null-gaussian,261548,executed,0.057615040976088494
null-gaussian,261549,executed,0.06020220898790285
null-gaussian,261550,executed,0.05474008299643174
heavy-tail-gaussian,271501,executed,0.058222124993335456
heavy-tail-gaussian,271502,executed,0.05933654197724536
heavy-tail-gaussian,271503,executed,0.0633311250130646
heavy-tail-gaussian,271504,executed,0.0611113749910146
heavy-tail-gaussian,271505,executed,0.0658450840273872
heavy-tail-gaussian,271506,executed,0.057419291988480836
heavy-tail-gaussian,271507,executed,0.06033666699659079
heavy-tail-gaussian,271508,executed,0.0631879169959575
heavy-tail-gaussian,271509,executed,0.06189954199362546
heavy-tail-gaussian,271510,executed,0.0675292499945499
heavy-tail-gaussian,271511,executed,0.06864812498679385
heavy-tail-gaussian,271512,executed,0.05981400003656745
heavy-tail-gaussian,271513,executed,0.05998933396767825
heavy-tail-gaussian,271514,executed,0.06268299999646842
heavy-tail-gaussian,271515,executed,0.05936791596468538
heavy-tail-gaussian,271516,executed,0.05847749998793006
heavy-tail-gaussian,271517,executed,0.05792454199399799
heavy-tail-gaussian,271518,executed,0.06599675002507865
heavy-tail-gaussian,271519,executed,0.09469070803606883
heavy-tail-gaussian,271520,executed,0.059611375036183745
heavy-tail-gaussian,271521,executed,0.05811791698215529
heavy-tail-gaussian,271522,executed,0.0591839580447413
heavy-tail-gaussian,271523,executed,0.05791070801205933
heavy-tail-gaussian,271524,executed,0.05866579100256786
heavy-tail-gaussian,271525,executed,0.058308125007897615
heavy-tail-gaussian,271526,executed,0.06339150003623217
heavy-tail-gaussian,271527,executed,0.06762350001372397
heavy-tail-gaussian,271528,executed,0.0652480410062708
heavy-tail-gaussian,271529,executed,0.07047170802252367
heavy-tail-gaussian,271530,executed,0.05787029198836535
heavy-tail-gaussian,271531,executed,0.059417332988232374
heavy-tail-gaussian,271532,executed,0.05689175002044067
heavy-tail-gaussian,271533,executed,0.05864454194670543
heavy-tail-gaussian,271534,executed,0.05700425000395626
heavy-tail-gaussian,271535,executed,0.060929125000257045
heavy-tail-gaussian,271536,executed,0.06495645799441263
heavy-tail-gaussian,271537,executed,0.061619749991223216
heavy-tail-gaussian,271538,executed,0.0619895409909077
heavy-tail-gaussian,271539,executed,0.061427999986335635
heavy-tail-gaussian,271540,executed,0.06495812500361353
heavy-tail-gaussian,271541,executed,0.06391183397499844
heavy-tail-gaussian,271542,executed,0.06306524999672547
heavy-tail-gaussian,271543,executed,0.06237041699932888
heavy-tail-gaussian,271544,executed,0.06275045801885426
heavy-tail-gaussian,271545,executed,0.06588404101785272
heavy-tail-gaussian,271546,executed,0.0684544580290094
heavy-tail-gaussian,271547,executed,0.06440625002142042
heavy-tail-gaussian,271548,executed,0.0637381249689497
heavy-tail-gaussian,271549,executed,0.062083167023956776
heavy-tail-gaussian,271550,executed,0.06257025001104921
zero-inflated-poisson,281501,executed,0.0595323329907842
zero-inflated-poisson,281502,executed,0.058846791042014956
zero-inflated-poisson,281503,executed,0.05802037502871826
zero-inflated-poisson,281504,executed,0.05998537497362122
zero-inflated-poisson,281505,executed,0.06264000001829118
zero-inflated-poisson,281506,executed,0.0659207499702461
zero-inflated-poisson,281507,executed,0.06670487497467548
zero-inflated-poisson,281508,executed,0.0672029170091264
zero-inflated-poisson,281509,executed,0.06545087503036484
zero-inflated-poisson,281510,executed,0.06471933401189744
zero-inflated-poisson,281511,executed,0.06142066599568352
zero-inflated-poisson,281512,executed,0.06676587497349828
zero-inflated-poisson,281513,executed,0.06034433399327099
zero-inflated-poisson,281514,executed,0.058237833029124886
zero-inflated-poisson,281515,executed,0.057037207996472716
zero-inflated-poisson,281516,executed,0.05844570801127702
zero-inflated-poisson,281517,executed,0.06362045899732038
zero-inflated-poisson,281518,executed,0.058854542032349855
zero-inflated-poisson,281519,executed,0.05892133398447186
zero-inflated-poisson,281520,executed,0.0697537079686299
zero-inflated-poisson,281521,executed,0.05850841698702425
zero-inflated-poisson,281522,executed,0.05947420798474923
zero-inflated-poisson,281523,executed,0.0580156659707427
zero-inflated-poisson,281524,executed,0.05796191701665521
zero-inflated-poisson,281525,executed,0.059088666981551796
zero-inflated-poisson,281526,executed,0.058826708991546184
zero-inflated-poisson,281527,executed,0.057779708004090935
zero-inflated-poisson,281528,executed,0.058132915990427136
zero-inflated-poisson,281529,executed,0.05802991701057181
zero-inflated-poisson,281530,executed,0.059703667007852346
zero-inflated-poisson,281531,executed,0.05847699998412281
zero-inflated-poisson,281532,executed,0.05776995897758752
zero-inflated-poisson,281533,executed,0.058675209002103657
zero-inflated-poisson,281534,executed,0.05955141695449129
zero-inflated-poisson,281535,executed,0.06058345903875306
zero-inflated-poisson,281536,executed,0.06651070801308379
zero-inflated-poisson,281537,executed,0.06138212501537055
zero-inflated-poisson,281538,executed,0.06036037497688085
zero-inflated-poisson,281539,executed,0.05800958297913894
zero-inflated-poisson,281540,executed,0.05783849995350465
zero-inflated-poisson,281541,executed,0.05874116602353752
zero-inflated-poisson,281542,executed,0.05915829201694578
zero-inflated-poisson,281543,executed,0.05886300001293421
zero-inflated-poisson,281544,executed,0.0595282920403406
zero-inflated-poisson,281545,executed,0.06143516598967835
zero-inflated-poisson,281546,executed,0.06410949997371063
zero-inflated-poisson,281547,executed,0.05982099997345358
zero-inflated-poisson,281548,executed,0.06887179199839011
zero-inflated-poisson,281549,executed,0.06743220798671246
zero-inflated-poisson,281550,executed,0.06031854194588959
dense-gaussian,291501,executed,0.11029679200146347
dense-gaussian,291502,executed,0.11438704200554639
dense-gaussian,291503,executed,0.10411000001477078
dense-gaussian,291504,executed,0.11737204098608345
dense-gaussian,291505,executed,0.1053845839924179
dense-gaussian,291506,executed,0.10348833398893476
dense-gaussian,291507,executed,0.10526712500723079
dense-gaussian,291508,executed,0.10438999999314547
dense-gaussian,291509,executed,0.10618916701059788
dense-gaussian,291510,executed,0.10794579098001122
dense-gaussian,291511,executed,0.10435345798032358
dense-gaussian,291512,executed,0.10533254098845646
dense-gaussian,291513,executed,0.10758520796662197
dense-gaussian,291514,executed,0.10520162503235042
dense-gaussian,291515,executed,0.10480799997458234
dense-gaussian,291516,executed,0.10508087498601526
dense-gaussian,291517,executed,0.1150910829892382
dense-gaussian,291518,executed,0.11716083396458998
dense-gaussian,291519,executed,0.10513133299537003
dense-gaussian,291520,executed,0.11538479098817334
dense-gaussian,291521,executed,0.1164575419970788
dense-gaussian,291522,executed,0.10454674996435642
dense-gaussian,291523,executed,0.1065993329975754
dense-gaussian,291524,executed,0.10596566699678078
dense-gaussian,291525,executed,0.10616320796543732
dense-gaussian,291526,executed,0.10389008303172886
dense-gaussian,291527,executed,0.10330524999881163
dense-gaussian,291528,executed,0.10513879201607779
dense-gaussian,291529,executed,0.10296158300479874
dense-gaussian,291530,executed,0.10948270803783089
dense-gaussian,291531,executed,0.1042240000097081
dense-gaussian,291532,executed,0.11318958300398663
dense-gaussian,291533,executed,0.10437508398899809
dense-gaussian,291534,executed,0.10340449999785051
dense-gaussian,291535,executed,0.10345679201418534
dense-gaussian,291536,executed,0.10465712496079504
dense-gaussian,291537,executed,0.10733770800288767
dense-gaussian,291538,executed,0.10573929100064561
dense-gaussian,291539,executed,0.1039311250206083
dense-gaussian,291540,executed,0.10891358298249543
dense-gaussian,291541,executed,0.10682529205223545
dense-gaussian,291542,executed,0.10574995802016929
dense-gaussian,291543,executed,0.10390020901104435
dense-gaussian,291544,executed,0.10505574999842793
dense-gaussian,291545,executed,0.10572979197604582
dense-gaussian,291546,executed,0.10534445801749825
dense-gaussian,291547,executed,0.11391733295749873
dense-gaussian,291548,executed,0.10615791694726795
dense-gaussian,291549,executed,0.11278062500059605
dense-gaussian,291550,executed,0.11958137498004362
short-segment-gaussian,301501,executed,0.05125950003275648
short-segment-gaussian,301502,executed,0.06287129200063646
short-segment-gaussian,301503,executed,0.047316832991782576
short-segment-gaussian,301504,executed,0.04821174999233335
short-segment-gaussian,301505,executed,0.04801024997141212
short-segment-gaussian,301506,executed,0.04860270896460861
short-segment-gaussian,301507,executed,0.047821000043768436
short-segment-gaussian,301508,executed,0.04859187500551343
short-segment-gaussian,301509,executed,0.049148916034027934
short-segment-gaussian,301510,executed,0.05723754200153053
short-segment-gaussian,301511,executed,0.055243541952222586
short-segment-gaussian,301512,executed,0.0548068750067614
short-segment-gaussian,301513,executed,0.056370792037341744
short-segment-gaussian,301514,executed,0.04796237498521805
short-segment-gaussian,301515,executed,0.053328540991060436
short-segment-gaussian,301516,executed,0.05143849999876693
short-segment-gaussian,301517,executed,0.05370595899876207
short-segment-gaussian,301518,executed,0.05243862501811236
short-segment-gaussian,301519,executed,0.04724129202077165
short-segment-gaussian,301520,executed,0.04785279097268358
short-segment-gaussian,301521,executed,0.05013312504161149
short-segment-gaussian,301522,executed,0.050079334003385156
short-segment-gaussian,301523,executed,0.05481816700194031
short-segment-gaussian,301524,executed,0.05624645797070116
short-segment-gaussian,301525,executed,0.05427695799153298
short-segment-gaussian,301526,executed,0.04774837498553097
short-segment-gaussian,301527,executed,0.04956620797747746
short-segment-gaussian,301528,executed,0.05591904203174636
short-segment-gaussian,301529,executed,0.053570875024888664
short-segment-gaussian,301530,executed,0.04789175000041723
short-segment-gaussian,301531,executed,0.047321708989329636
short-segment-gaussian,301532,executed,0.049820917018223554
short-segment-gaussian,301533,executed,0.05556066596182063
short-segment-gaussian,301534,executed,0.05200883297948167
short-segment-gaussian,301535,executed,0.051873625023290515
short-segment-gaussian,301536,executed,0.047000791993923485
short-segment-gaussian,301537,executed,0.04842541698599234
short-segment-gaussian,301538,executed,0.04775899997912347
short-segment-gaussian,301539,executed,0.05157599999802187
short-segment-gaussian,301540,executed,0.05230354197556153
short-segment-gaussian,301541,executed,0.052158541046082973
short-segment-gaussian,301542,executed,0.050257000024430454
short-segment-gaussian,301543,executed,0.05128666601376608
short-segment-gaussian,301544,executed,0.05027395801153034
short-segment-gaussian,301545,executed,0.05039712501456961
short-segment-gaussian,301546,executed,0.05081279098521918
short-segment-gaussian,301547,executed,0.04864341695792973
short-segment-gaussian,301548,executed,0.049860832979902625
short-segment-gaussian,301549,executed,0.049515207996591926
short-segment-gaussian,301550,executed,0.05093874997692183
prior-conflict-gaussian,311501,executed,0.09348987496923655
prior-conflict-gaussian,311502,executed,0.09250345802865922
prior-conflict-gaussian,311503,executed,0.09258491598302498
prior-conflict-gaussian,311504,executed,0.09230083302827552
prior-conflict-gaussian,311505,executed,0.09194025001488626
prior-conflict-gaussian,311506,executed,0.09131591598270461
prior-conflict-gaussian,311507,executed,0.08623358304612339
prior-conflict-gaussian,311508,executed,0.08921295800246298
prior-conflict-gaussian,311509,executed,0.09403004101477563
prior-conflict-gaussian,311510,executed,0.09310579096199945
prior-conflict-gaussian,311511,executed,0.09188454202376306
prior-conflict-gaussian,311512,executed,0.09184558398555964
prior-conflict-gaussian,311513,executed,0.09322829195298254
prior-conflict-gaussian,311514,executed,0.09345766599290073
prior-conflict-gaussian,311515,executed,0.09396175004076213
prior-conflict-gaussian,311516,executed,0.09450745797948912
prior-conflict-gaussian,311517,executed,0.0918824999826029
prior-conflict-gaussian,311518,executed,0.09250549995340407
prior-conflict-gaussian,311519,executed,0.09424604097148404
prior-conflict-gaussian,311520,executed,0.11619433300802484
prior-conflict-gaussian,311521,executed,0.08911254198756069
prior-conflict-gaussian,311522,executed,0.08580325002549216
prior-conflict-gaussian,311523,executed,0.08692120900377631
prior-conflict-gaussian,311524,executed,0.08866720797959715
prior-conflict-gaussian,311525,executed,0.08577095804503188
prior-conflict-gaussian,311526,executed,0.08799391594948247
prior-conflict-gaussian,311527,executed,0.08711054199375212
prior-conflict-gaussian,311528,executed,0.09528120898175985
prior-conflict-gaussian,311529,executed,0.0933798750047572
prior-conflict-gaussian,311530,executed,0.08880162501009181
prior-conflict-gaussian,311531,executed,0.08724950003670529
prior-conflict-gaussian,311532,executed,0.08807158301351592
prior-conflict-gaussian,311533,executed,0.0863159170257859
prior-conflict-gaussian,311534,executed,0.08789945900207385
prior-conflict-gaussian,311535,executed,0.08949308400042355
prior-conflict-gaussian,311536,executed,0.09303566702874377
prior-conflict-gaussian,311537,executed,0.08734612498665228
prior-conflict-gaussian,311538,executed,0.08708604204002768
prior-conflict-gaussian,311539,executed,0.08617124997545034
prior-conflict-gaussian,311540,executed,0.09186837502056733
prior-conflict-gaussian,311541,executed,0.08793029200751334
prior-conflict-gaussian,311542,executed,0.08746437501395121
prior-conflict-gaussian,311543,executed,0.08819325000513345
prior-conflict-gaussian,311544,executed,0.09689045802224427
prior-conflict-gaussian,311545,executed,0.09810674999607727
prior-conflict-gaussian,311546,executed,0.09588308300590143
prior-conflict-gaussian,311547,executed,0.09487545897718519
prior-conflict-gaussian,311548,executed,0.09848404198419303
prior-conflict-gaussian,311549,executed,0.08966066595166922
prior-conflict-gaussian,311550,executed,0.0935101670329459
shared-boundary-heterogeneity,321501,executed,0.7124820409808308
shared-boundary-heterogeneity,321502,executed,0.7013089579995722
shared-boundary-heterogeneity,321503,executed,0.7448887500213459
shared-boundary-heterogeneity,321504,executed,0.7369313739473
shared-boundary-heterogeneity,321505,executed,0.7304590830462985
shared-boundary-heterogeneity,321506,executed,0.7191138329799287
shared-boundary-heterogeneity,321507,executed,0.71273645904148
shared-boundary-heterogeneity,321508,executed,0.718901333049871
shared-boundary-heterogeneity,321509,executed,0.702067541948054
shared-boundary-heterogeneity,321510,executed,0.7293916670023464
shared-boundary-heterogeneity,321511,executed,0.7094299999880604
shared-boundary-heterogeneity,321512,executed,0.7462596670375206
shared-boundary-heterogeneity,321513,executed,0.6946108330739662
shared-boundary-heterogeneity,321514,executed,0.7223127079778351
shared-boundary-heterogeneity,321515,executed,0.7369910010602325
shared-boundary-heterogeneity,321516,executed,0.722713416966144
shared-boundary-heterogeneity,321517,executed,0.7064400829840451
shared-boundary-heterogeneity,321518,executed,0.7080647920374759
shared-boundary-heterogeneity,321519,executed,0.7175989169627428
shared-boundary-heterogeneity,321520,executed,0.7165117909898981
shared-boundary-heterogeneity,321521,executed,0.6942525010090321
shared-boundary-heterogeneity,321522,executed,0.7031772499904037
shared-boundary-heterogeneity,321523,executed,0.7011964159901254
shared-boundary-heterogeneity,321524,executed,0.7012517920229584
shared-boundary-heterogeneity,321525,executed,0.7190683329827152
shared-boundary-heterogeneity,321526,executed,0.7242904579616152
shared-boundary-heterogeneity,321527,executed,0.7251169169321656
shared-boundary-heterogeneity,321528,executed,0.755830334033817
shared-boundary-heterogeneity,321529,executed,0.7624347489909269
shared-boundary-heterogeneity,321530,executed,0.762275375018362
shared-boundary-heterogeneity,321531,executed,0.7576098739518784
shared-boundary-heterogeneity,321532,executed,0.7448802080471069
shared-boundary-heterogeneity,321533,executed,0.7328767500002868
shared-boundary-heterogeneity,321534,executed,0.7057073329924606
shared-boundary-heterogeneity,321535,executed,0.7061185840284452
shared-boundary-heterogeneity,321536,executed,0.7241751669789664
shared-boundary-heterogeneity,321537,executed,0.7228112909942865
shared-boundary-heterogeneity,321538,executed,0.7517922080005519
shared-boundary-heterogeneity,321539,executed,0.7266228329972364
shared-boundary-heterogeneity,321540,executed,0.7104388340376318
shared-boundary-heterogeneity,321541,executed,0.718672001035884
shared-boundary-heterogeneity,321542,executed,0.7266042490373366
shared-boundary-heterogeneity,321543,executed,0.7191665839636698
shared-boundary-heterogeneity,321544,executed,0.7170390419778414
shared-boundary-heterogeneity,321545,executed,0.7206020829617046
shared-boundary-heterogeneity,321546,executed,0.7090028750244528
shared-boundary-heterogeneity,321547,executed,0.7312038330128416
shared-boundary-heterogeneity,321548,executed,0.7028244590037502
shared-boundary-heterogeneity,321549,executed,0.723647249978967
shared-boundary-heterogeneity,321550,executed,0.712320958962664
logistic-approximation-failure,331501,executed,21.248948458000086
logistic-approximation-failure,331502,executed,21.266696334001608
logistic-approximation-failure,331503,executed,21.178434166999068
logistic-approximation-failure,331504,executed,21.231345332984347
logistic-approximation-failure,331505,executed,21.185954374959692
logistic-approximation-failure,331506,executed,21.223663499986287
logistic-approximation-failure,331507,executed,21.21957079099957
logistic-approximation-failure,331508,executed,21.14980920800008
logistic-approximation-failure,331509,executed,21.157611750008073
logistic-approximation-failure,331510,executed,21.17125929199392
logistic-approximation-failure,331511,executed,21.130229042028077
logistic-approximation-failure,331512,executed,20.941439000016544
logistic-approximation-failure,331513,executed,21.15888983302284
logistic-approximation-failure,331514,executed,21.138370333006606
logistic-approximation-failure,331515,executed,21.072334124997724
logistic-approximation-failure,331516,executed,21.125393082969822
logistic-approximation-failure,331517,executed,21.12533304200042
logistic-approximation-failure,331518,executed,21.159504875016864
logistic-approximation-failure,331519,executed,21.20152645901544
logistic-approximation-failure,331520,executed,21.239948166999966
logistic-approximation-failure,331521,executed,21.198329791019205
logistic-approximation-failure,331522,executed,21.171596916974522
logistic-approximation-failure,331523,executed,21.130738499981817
logistic-approximation-failure,331524,executed,21.128635250031948
logistic-approximation-failure,331525,executed,21.107761042017955
logistic-approximation-failure,331526,executed,21.272070625040215
logistic-approximation-failure,331527,executed,20.916963832976762
logistic-approximation-failure,331528,executed,21.160581750038546
logistic-approximation-failure,331529,executed,21.135208207997493
logistic-approximation-failure,331530,executed,21.137423624983057
logistic-approximation-failure,331531,executed,21.11387433303753
logistic-approximation-failure,331532,executed,20.93458483298309
logistic-approximation-failure,331533,executed,21.144799000001512
logistic-approximation-failure,331534,executed,21.14563545800047
logistic-approximation-failure,331535,executed,20.923913208011072
logistic-approximation-failure,331536,executed,21.116481792007107
logistic-approximation-failure,331537,executed,21.157207750016823
logistic-approximation-failure,331538,executed,21.137864875025116
logistic-approximation-failure,331539,executed,21.13874670799123
logistic-approximation-failure,331540,executed,20.948719958018046
logistic-approximation-failure,331541,executed,21.134275958000217
logistic-approximation-failure,331542,executed,21.125088958011474
logistic-approximation-failure,331543,executed,21.117349084001034
logistic-approximation-failure,331544,executed,21.12316641700454
logistic-approximation-failure,331545,executed,21.129727708001155
logistic-approximation-failure,331546,executed,20.944124041008763
logistic-approximation-failure,331547,executed,21.12784949998604
logistic-approximation-failure,331548,executed,21.020388957986142
logistic-approximation-failure,331549,executed,21.11536337499274
logistic-approximation-failure,331550,executed,21.124111166980583
